<?xml version="1.0" encoding="UTF-8"?>
<project-private xmlns="http://www.netbeans.org/ns/project-private/1">
    <editor-bookmarks xmlns="http://www.netbeans.org/ns/editor-bookmarks/2" lastBookmarkId="0"/>
    <open-files xmlns="http://www.netbeans.org/ns/projectui-open-files/2">
        <group>
            <file>file:/D:/Master_space/java/swp391-booking-hotel-group3/hotelbooking/hotelbooking/web/Views/admin/layout/sidebar.jsp</file>
            <file>file:/D:/Master_space/java/swp391-booking-hotel-group3/hotelbooking/hotelbooking/web/Views/admin/all-staff.jsp</file>
        </group>
    </open-files>
</project-private>
